Slim Aarons,cm009i884076612exp7y0vyaa
Edwin Austin Abbey,cm00kpf6q01ky3blv28yx42fi
Tomma Abts,cm0146rtg0aed3blv5fwqme4n
Andreas Achenbach,cm00lrhmt01vonshux4ki4fqk
Norman Ackroyd,cm00ls4bc01x73blvt1tvpwv8
Ansel Adams,cm00lu0g501x2nshuzzt5o1po
Arthur Adams,cm00lvima01yn3blv11dqx1h2
Neal Adams,cm00m2so601z1nshutun3nelc
Josh Adamski,cm00m3laq01zfnshun953h69t
Etel Adnan,cm00m41up01zmnshuk0ali8w4
Mattias Adolfsson,cm00m67j3022m3blvyx3k45d0
Alena Aenami,cm00m6rgz020rnshuojiuaz5f
Pieter Aertsen,cm00m7ciu022x3blvx6x0nrof
Leonid Afremov,cm00m7vrf0212nshu9exi7397
Petros Afshar,cm00m8ed80218nshubf4t8kk5
Yaacov Agam,cm00m8ynl023n3blvyt4kiavf
Eileen Agar,cm014vz5k0aj0nshugkf4m2cy
Ivan Aivazovsky,cm015549g0axd3blv5j7r56yr
David Aja,cm01ct2co0f303blvqoyojl06
Sherry Akrami,cm01ctl7f0f373blv11xp0z61
Alessio Albi,cm01p8t0l0kkrnshu9jkt0kdb
Ivan Albright,cm01qb9up0l873blvm5z6yi2y
Rafael Albuquerque,cm01qn3e00lcs3blv6xmpmb7m
Miles Aldridge,cm01r3zbn0ljh3blvijjwqiyk
Shahab Alizadeh,cm01r4tpk0ljt3blv9a1a3xh4
Helen Allingham,cm01rnde10leunshumyv86dag
Alessandro Allori,cm01rxi010lijnshubqemkn6j
Mike Allred,cm01s0bu00lvr3blvzojpuyap
Albrecht Altdorfer,cm01s0xvx0lvx3blvt57hlspp
Yoshitaka Amano,cm01skqqp0m2e3blvd5ylrgcj
Tarsila do Amaral,cm01slflc0m2m3blvhjhm3rn0
Cuno Amiet,cm01smnr90lqwnshujnte54mq
Fernando Amorsolo,cm01sn9800m3o3blv83uvxwj6
Jay Anacleto,cm01soijp0lrhnshubrca2xsp
Anna Ancher,cm01spg3i0m4r3blvcxrxqhgp
Richard Anderson,cm01sqw820lsfnshuob63irx7
Wes Anderson,cm01srhfb0m5f3blvu1s1i7wx
Alex Andreev,cm01ss1hx0m5o3blv9g66qmi4
Esao Andrews,cm01sskoo0lt6nshuj5q8t26f
Pietro Annigoni,cm01stcad0m603blv10l35tie
Martin Ansin,cm01stumq0ltpnshunuhelmk7
Chiho Aoshima,cm01suaob0m693blvk2gv1tmz
Karel Appel,cm01suwou0m6f3blvnooeao8h
Apterus,cm01svhdw0lucnshu8fkx2slp
Nobuyoshi Araki,cm01sw2ca0m6t3blvlzi9mi8c
Shinji Aramaki,cm01swo1q0m723blv4jzn9wxi
Alexander Archipenko,cm01sx3in0luynshub9esuyyr
Giuseppe Arcimboldo,cm01sxpko0m7g3blvgj593khh
Mordecai Ardon,cm01tgrpj0mek3blvontiivls
Mark Arian,cm01thaz20m1inshupuqiraez
Abram Arkhipov,cm01tnx5i0m3lnshurwm0m665
Rolf Armstrong,cm01tohf20m3rnshubcxaj83m
Alois Arnegger,cm01tp4us0mi03blvmm3xb80l
Gerd Arntz,cm01tpwwd0m4cnshuy2e499jj
Floris Arntzenius,cm01tqdl60mim3blvkpjrsm0l
Jean Arp,cm01tqwrb0miv3blvvwetv1iq
Agostino Arrivabene,cm01trqjd0mj73blv9sn5u9gl
Artgerm,cm01ts8fo0mjd3blv6lm03i7j
Henry Asencio,cm01tspek0m5gnshuh3bcqwui
Balthasar van der Ast,cm01u6mgt0mnm3blvfvvlocbv
Nikolai Astrup,cm01u7gc60m9snshuf95ulyop
Eugène Atget,cm01u9otf0mog3blvbnfpiesv
John James Audubon,cm01ua5s00majnshu56l40shi
Frank Auerbach,cm01uarrn0masnshus8hjeu5k
George Ault,cm01ubgg40maynshuo5jitv9d
Richard Avedon,cm01uc63t0mb4nshu32y1irp0
Milton Avery,cm01uczv20mbinshu80d8n9sf
Chris Bachalo,cm01ufobu0mpm3blvqvo6ujyt
Anne Bachelier,cm01ugdg80mpu3blv57tiv29g
Tom Bagshaw,cm01uh2er0mpx3blvkox3mlmf
Alice Bailly,cm01uhtwh0mcynshulb6y5r9e
Karol Bak,cm01uikg20mqa3blvdv25z38d
Ralph Bakshi,cm01uj81t0mqi3blv1n7w25ug
Christopher Balaskas,cm01ujxse0mdinshu8t0f7axi
Emily Balivet,cm01ukuci0mdxnshu9vszh8fo
Peder Balke,cm01uno9c0mrb3blvjgb9865f
Benedick Bana,cm01uoep20mernshua3y8p5ql
George Barbier,cm01vhis20n033blvdxd8c11b
Clive Barker,cm01vi1ay0n083blvg4k3b4qr
Wayne Barlowe,cm01vmo6u0n1h3blv2x57p3kk
Ernie Barnes,cm01vnbrd0n1o3blvlhiwnyc0
Will Barnet,cm01vnzxx0n203blves5o8j4s
Angela Barrett,cm01vos280n273blv7o7ziz2p
Paul Barson,cm01vpf2o0n2h3blv4vgb4m0n
Bo Bartlett,cm01vq1yi0n2p3blvlftzi2i5
Casey Baugh,cm01vqt7t0mojnshuk4e4zrm1
Gifford Beal,cm01vrlbn0moznshu0alk9msb
Aubrey Beardsley,cm01vse690n3k3blvxbjiar61
Beatrix Potter,cm01vt70j0n3s3blvpmmn7oql
Beeple,cm01vtvze0n3y3blv7epiwpvn
Zdzislaw Beksinski,cm01vujsf0mq7nshuchgki8u8
Hans Bellmer,cm01vv9ne0n4f3blvbxz8fhso
George Bellows,cm01vw2gm0n4l3blv9j8wsavo
Ludwig Bemelmans,cm01vwtt00mqrnshuup1cp0ri
Alexandre Benois,cm01vxlt70n523blvpa2m7lou
Earle Bergey,cm01vyd2x0mr5nshuqmxb1lyh
John Berkey,cm01vz5zd0n5n3blv87h8mm01
Gian Lorenzo Bernini,cm01vzy580mrhnshu71svpqez
Elsa Beskow,cm01w0juj0n5z3blvq7htis2k
James Bidgood,cm01w17as0n653blv2hd63lni
Szymon Biernacki,cm01w1vft0ms3nshuwkhjbanv
Albert Bierstadt,cm01ww6sd0n0rnshumfb5occs
John T. Biggers,cm01wwnyn0ngj3blv39e7a533
Enki Bilal,cm01wx5bt0n0znshul5b80c6b
Ivan Bilibin,cm01wxyw10ngq3blveo9fp3mv
Butcher Billy,cm01wymym0nh73blvry6s0xjc
Ed Binkley,cm01wzcql0n1mnshu4mtgzfmb
Elmer Bischoff,cm01x01o70nho3blvrenef1dm
Simon Bisley,cm01x0pa60n23nshugcy2ynta
Robert Bissell,cm01x1f0l0nhx3blvwy185kks
Mary Blair,cm01x22dk0ni33blv3vg7hlqs
William Blake,cm01x2s2q0n2unshu33qqwu6z
Antoine Blanchard,cm01x3l440nih3blvkc7ktd5e
John Blanche,cm01x4ame0n3bnshu473n8zlr
Tim Blandin,cm01x52x70n3lnshuexqsnzy6
Neil Blevins,cm01x7v8u0n4bnshuf79dqdl9
Umberto Boccioni,cm01x8exj0n4jnshutl9dp67e
Brian Bolland,cm01x92sn0n4tnshu4zy0ajtc
Chesley Bonestell,cm01x9stg0n53nshu6w6lqki4
Olivier Bonhomme,cm01xagzb0nko3blv1hh18kuz
Pierre Bonnard,cm01xb6w40nl03blve2f098aw
Franklin Booth,cm01xbu9p0nl73blv9w4isbwd
Marius Borgeaud,cm01xcn4s0n62nshugngqv3gf
Matt Bors,cm01xdaih0n6dnshush3zrdvo
Hieronymus Bosch,cm01xdypr0nls3blvdlde46fv
Sam Bosma,cm01xerj10nlz3blvrufglj0e
Ambrosius Bosschaert,cm01xffnp0nm63blvr1dvytmv
Johfra Bosschart,cm01xg0wb0n7inshua0gx31th
Botero,cm01xgpw60n7unshudslulksh
Sandro Botticelli,cm01xhio90n82nshugmuncbzw
Francois Boucher,cm01xi7mw0n8enshus7g1t0ah
Charlie Bowater,cm01xiuib0nn43blvijzrywna
David Michael Bowers,cm01xjml10n8tnshuvev7ly6z
Frank Bowling,cm01xk9zy0nnj3blvkurzwthk
Thomas Shotter Boys,cm01xkyu20nnp3blvbeleodea
Noah Bradley,cm01xllfc0nnz3blvk62hnbpk
Frank Bramley,cm01xmecj0n9inshurzxbhdh7
Victor Brauner,cm01xn76s0n9xnshuizkxyvsz
George B. Bridgman,cm01xnyhb0na9nshu0tb0fmlv
Austin Briggs,cm01xoo9n0noy3blvbw87gbah
Romero Britto,cm01xpasu0nannshu1cijkz0m
Glen Brogan,cm01xq4ip0npe3blvkyx2m2ej
Gerald Brom,cm01xqu7s0npk3blv9of20ypg
Ford Madox Brown,cm01xrjd50nbgnshuca6ppfrk
Edward Burne-Jones,cm01xs92a0nbrnshupbwggcb5
Jim Burns,cm01xszlm0nq33blvzqfpp84o
Gaston Bussiere,cm01xttej0nqb3blv0kfaw2oy
Arnold Böcklin,cm01xug2m0nqh3blv2i4qoknw
Francis Cadell,cm01xv2of0ncwnshutd26k7i3
Paul Cadmus,cm01xvlgm0nd3nshul6o4lhus
Alexandre Calame,cm01xwagd0ndbnshujtzyrxpj
Clyde Caldwell,cm01xwzc10ndpnshu0mvq7nb7
Fred Calleri,cm01xxret0ndtnshu8tng4suw
Charles Camoin,cm01xyg0y0ne5nshup2edjt6d
Colin Campbell Cooper,cm01xz2x60nefnshuciemj2v3
Pascal Campion,cm01xzu750nrz3blvhu6jwttl
Milton Caniff,cm01y0k130ns63blv81knv65p
Pablo Carpio,cm01y18x80nsg3blv6p3aj3u6
Michael Carson,cm01y211l0nsr3blvu2v872ma
Santiago Caruso,cm01y33io0nt43blvmc4vda8o
Didier Cassegrain,cm01y3s8c0nfwnshu5t69d9m4
Alfred J. Casson,cm01y7xh80nud3blvwalsjuiz
Paul Catherall,cm01y8mdw0nhenshuka2fd7t1
Clint Cearley,cm01y9d980nhlnshuwok17ntv
Agnes Cecile,cm01ya5sx0nv43blvzstenvip
Marc Chagall,cm01yayoi0nvg3blvfvjlyj0h
John Chamberlain,cm01ybpz10nibnshur0und0y9
Jean Siméon Chardin,cm01ychba0nvv3blvcx83aj9g
Travis Charest,cm01yd3w20nitnshuuznag2ny
Pierre Puvis de Chavannes,cm01yds1r0nj3nshui3ufg25f
Hsiao Ron Cheng,cm01yejcp0nwk3blvhb0hgem0
Yanjun Cheng,cm01ygkh10njsnshuhyvmxe1h
Ivan Chermayeff,cm01yh5fo0nk3nshuxx9iqon9
Michael Cheval,cm01yhz360nxi3blvs88hnksl
Sandra Chevrier,cm01yisql0nkynshulyt0yeq6
Dale Chihuly,cm01yjgsf0nyb3blv5m3vhhtd
Frank Cho,cm01yk2wq0nye3blv3efr6930
James C. Christensen,cm01ykv050nyn3blvt5ji4udu
Frederic Edwin Church,cm01ylkvl0nyz3blv39to3ma5
Cimabue,cm02d7nun0tfunshu67pstf2k
Mikalojus Ciurlionis,cm02d8km90u1r3blvpalqoqoc
Harry Clarke,cm0ah2l1h0tj2101qr9y0uaii
Henry Clive,cm02g3ivo0uv1nshufw2warxg
Becky Cloonan,cm02g4mz50uvmnshulbntsnlz
Ron Cobb,cm02g5lly0uw6nshusl9nc3t5
Alvin Langdon Coburn,cm02g71850uwznshu54t77wsl
Chris Cold,cm02g8g400viv3blvwg14jenn
Charles Conder,cm02g94640uycnshuwlyeohjs
George Condo,cm02g9t2q0uyvnshu78zo57a1
John Constable,cm02gc3jy0vl43blvnh2akiuo
Yvonne Coomber,cm02h76tv0w233blvg3fzpxy9
Richard Corben,cm02hc5kx0w3z3blvrxc676oi
Paul Corfield,cm02hre0e0wca3blvs4dkliqq
Lovis Corinth,cm02hsdtw0vqgnshur87dhptt
Jean-Baptiste Camille Corot,cm02ht0be0wd13blvlo50k2ds
Shawn Coss,cm02hw7ma0vsinshuiie7ayp7
Francesco del Cossa,cm02hylso0wga3blv5dc9icrw
Walter Crane,cm02i0au50wh53blvfu9dpyzi
Guido Crepax,cm02i14co0vvcnshubvr2u404
Gregory Crewdson,cm02idw8q0wn63blvvwb92930
Debbie Criswell,cm02ighqq0w1unshu1sfl47ow
Njideka Akunyili Crosby,cm02ihjmi0w25nshuh2osl9sp
Henri-Edmond Cross,cm02imqri0w4jnshul5ry7sfh
Nicolas de Crecy,cm02iq4640ws03blvhlbio1b7
John Currin,cm02iysso0walnshuo6jtbs7m
Paul Cezanne,cm02j2y4m0wxn3blvz8s59wh8
Leonardo da Vinci,cm02j3k7z0wd0nshuktyvj365
Steven DaLuz,cm02j46z20wd9nshuda2fvjql
Pino Daeni,cm02jco5y0whvnshufo9yrnt2
Louise Dahl-Wolfe,cm02jf5mq0x4j3blvftsk84ns
Farel Dalrymple,cm02nw0vg0zet3blvzdeltqc7
Salvador Dali,cm02nx63w0zfm3blvf33bvyej
Henry Darger,cm02ny4f20ypwnshuxgat4767
Geof Darrow,cm02o0tz20zhu3blva4k9do0r
Honoré Daumier,cm02osi040z7bnshuyktepyhi
Jacques-Louis David,cm02ow0cg0z9snshuo8rxfnts
Jack Davis,cm02oxa8q100x3blvqmbwtks0
Marc Davis,cm02p1n2v10353blv67drfv21
Craig Davison,cm02p2gok103l3blvhk8phsst
Evelyn De Morgan,cm02p3h2w0ze8nshu60vi4n71
Jonas De Ro,cm02p53dn0zfbnshu0fazyo0v
Dan DeCarlo,cm02peezi0zk5nshuw8l94ydw
Kelly Sue DeConnick,cm02pqj4o0zqwnshuebzkjl1u
Michael DeForge,cm02prdxl0zrenshub9lvnhre
Edwin Deakin,cm02ps1bb0zs6nshuewutbs8r
Roger Dean,cm02psp1k0zshnshuce8o65ef
Edgar Degas,cm02q6bwf0zzinshuyia4owan
Robert Delaunay,cm02qnpti108tnshulyn7o7yf
Nicolas Delort,cm02qr6qf10zz3blvsc4lssdz
Paul Delvaux,cm02qtctj10bvnshuns2yxbsm
Jean Delville,cm02qty3n111d3blv9np98lhc
Wim Delvoye,cm02quedb10cinshu6jijr2u9
Maurice Denis,cm02quxc710cqnshuf7baghas
Guy Denning,cm02qvelm10d1nshugkug4tle
Mike Deodato,cm02qvuz9112s3blvccsbqb6z
Andre Derain,cm02qxfx1113x3blvn9p3sv1k
Charles Maurice Detmold,cm02qy4qc114b3blvctfs373j
Vincent Di Fate,cm02qyotm114m3blv1bi5c4xx
Karl Wilhelm Diefenbach,cm02qz8fl10ewnshu2awvgp4h
Diane Dillon,cm02qzolt115b3blvrr1y7yhd
Steve Ditko,cm02r0dfa115t3blv3x7t96ks
Anna Dittmann,cm02r1lzr116k3blvgpnbyacq
Gustave Dore,cm02r26r710ganshujps7niwn
Emory Douglas,cm02r2ooh11763blv3oqc21c0
David Downton,cm02r3fx610hcnshuz1w8txgk
Tim Doyle,cm02r4cof118g3blv5mdrep4s
David C. Driskell,cm02r4t3n118r3blvcyuj15c9
Philippe Druillet,cm02r5ei611983blvhklbbld0
Jean Dubuffet,cm02rsy2u11lk3blvwjsme6jf
Raymond Duchamp-Villon,cm02rub9v11ma3blvjer1zfdv
Jonny Duddle,cm02sxw10127f3blvmuujjqa6
Edmund Dulac,cm02te8t412f33blv58n5ow9l
Asher Brown Durand,cm02tep3112ff3blvw17kerzb
Anthonis van Dyck,cm02tf6uo11punshuppg6ytgw
Chris Dyer,cm02ucxo312vg3blvlwfaoxzu
Albrecht Durer,cm02uiomf12z03blvjaazoivz
Thomas Eakins,cm02vntbz12w2nshu42vibf9l
Eyvind Earle,cm02wt3xs13iknshueu264xcl
Amy Earles,cm02x4s4y13n5nshucfzhrjge
Jeff Easley,cm02x5i1p13nonshuuj35fmnz
Tristan Eaton,cm02x5xcb13nynshunkb8ll5f
Tyler Edlin,cm02x6iwf13o9nshu0257eyxl
Jason Edmiston,cm02x6yt614c23blvx5jstd40
William Eggleston,cm02x7euh14ce3blv0rfz0ccz
Bob Eggleton,cm02x7u1114cs3blvnh8q0vmb
Will Eisner,cm02x8aoi13pgnshu7ziu0vpa
Jesper Ejsing,cm02x8psb13pmnshul7h60h7l
El Greco,cm02x963a13pxnshur70chars
El Huervo,cm02xa55r14eq3blvkppve403
Dean Ellis,cm02xalww14f13blvbi92x468
Adam Elsheimer,cm02xbzee13rrnshufep0saue
Peter Elson,cm02xciql14ft3blvj2ezj3x8
Gil Elvgren,cm02xkrxl14ko3blvhu5uoe9o
Ed Emshwiller,cm02xnmvo13yjnshuu3cq15ek
Kilian Eng,cm02y64r614ux3blvkgz1cgz4
Delphin Enjolras,cm02yb9a214wu3blvlpnxw9xt
Hans Erni,cm02yc3o614x73blvr4htmxqe
Max Ernst,cm02ycu8u14xk3blv1wqccx76
Erté,cm02yfpdq14bgnshu6wkddpde
M.C. Escher,cm02yg79q14z83blvto2kvz7x
Adrianus Eversen,cm02ygqv614zj3blvxxeod40p
Glenn Fabry,cm02yh7zq14c2nshu6j45w086
Anton Fadeev,cm02yhog614zw3blvroipqa4j
Shepard Fairey,cm02yi6kp14clnshuh539dlok
Andy Fairhurst,cm02yive7150c3blvgwmqfmbu
John Philip Falter,cm02yjf60150l3blvynyj78f4
Fang Lijun,cm02yjuaw150u3blvtm20kqcm
Henri Fantin-Latour,cm02ylh97151k3blvgb5r4p2p
Duncan Fegredo,cm02ym07r151p3blv0kfxs4dx
Lyonel Feininger,cm02ymujp14f7nshuphjk5oq2
Andrew Ferez,cm02yndlg152l3blvfaxhb0nq
Roberto Ferri,cm02yoqsk153a3blvtls2e2wp
Hugh Ferriss,cm02yv8cf14kfnshufk55d9o5
Virgil Finlay,cm02ywehl14l2nshuirr4l2dd
Anato Finnstark,cm02ywz8a157n3blv1fm6iar0
Paul Gustav Fischer,cm02yy2qo14lxnshuvqylmy30
Oskar Fischinger,cm02z0gb914mtnshugoasenvj
Dan Flavin,cm02z1eed14n9nshu3rrz9dpo
Govert Flinck,cm02z2876159t3blvez7ubqsx
Alex Russell Flint,cm02z2sw615a13blvwthd57c1
Piotr Foksowicz,cm02z39n415a83blvlqwoycox
Stanhope Forbes,cm02z4b1914p3nshu46voyrh5
Eleanor Fortescue Brickdale,cm02z4tud14pcnshuk1y9l1ys
Chris Foss,cm02z59po15b33blvh4p3b9tx
Hal Foster,cm02z5phq15b93blv7g3kn2d8
Jon Foster,cm02z653w15bf3blvweeteqgy
Fra Angelico,cm02z6lgc14qbnshua7f9zbz1
Matt Fraction,cm02z7eya15bx3blvc6mwap7v
Jean-Honoré Fragonard,cm02z885914r5nshuiiax1gzh
Francesco Francavilla,cm02z91tt15cj3blvouj25lja
Piero della Francesca,cm02z9jbt14rynshumyyda7pl
Lisa Frank,cm02zc5ag15dy3blv906ie8o9
Frank Frazetta,cm02zcy8814u2nshuhjm490s5
Lucian Freud,cm02zdxfi15er3blv33ssog0a
Caspar David Friedrich,cm02zg0of14vgnshuyedbsnl3
Chris Friel,cm02zgubt15g03blvsya9qw9n
Brian Froud,cm02zhojl14winshu9mke1cvd
Ando Fuchs,cm02zi4j915gf3blvh6ru2yv3
Ernst Fuchs,cm02zimsf15gm3blv74lcae1s
Goro Fujita,cm02zjm1315h03blvb3n82oon
Ellen Gallagher,cm02zk4s514y1nshuoehawiir
Stephen Gammell,cm02zkrvx15hf3blvxniqfcvw
Hope Gangloff,cm02zlbn014ywnshu4k9pyhc7
Paul Gauguin,cm02zlt0b14z0nshun4zpbh5h
Jeremy Geddes,cm02zma6014zdnshu07fradbt
Artemisia Gentileschi,cm02zmprv14zlnshus0f3jn3e
Edwin Georgi,cm02znlnz15j33blv8lxe18ye
Justin Gerard,cm02zogts150inshu4clr033c
Daniel F. Gerhartz,cm02zpdlp15js3blv7y6h8y5h
Atey Ghailan,cm02zx2j6153unshu73h2blb0
Adrian Ghenie,cm02zrzwt15ku3blvfr7z661h
Domenico Ghirlandaio,cm02zume115lt3blvmj45m816
Donato Giancola,cm0301r3e15p33blv5hyy80m5
Dave Gibbons,cm0302n4t15pj3blvtlsb2gco
Charles Dana Gibson,cm03034yg15pr3blv892wqf8v
Ralph Gibson,cm0303ox215py3blvlptkwya6
HR Giger,cm0304ii4158gnshupuedgcba
James Gilleard,cm03052mo158vnshudmm8u5t3
Sam Gilliam,cm0305if715qs3blvnxrgxckj
William James Glackens,cm030636i159rnshul45j5464
Milton Glaser,cm0306kw415a1nshus0q3ql8t
Warwick Goble,cm03070bn15abnshuwdvf2kd6
Basil Gogos,cm0307gbm15rp3blvmlbrw1oh
Nan Goldin,cm0307vth15asnshu2uayxbls
Rob Gonsalves,cm03095hr15benshuucdmdt6z
Josan Gonzalez,cm030ap6l15t33blvhamry68u
Albert Goodwin,cm030cya415ua3blv582pst40
Misha Gordin,cm030egzl15f2nshufdpvua8u
Derek Gores,cm030ii9l15wn3blvksej90iw
Alessandro Gottardo,cm030jxzv15i1nshu6xhp5job
J.J. Grandville,cm030msrk15jmnshu1b5g65ai
Duncan Grant,cm030qbbw160a3blvd3wnzt4z
Eugene Grasset,cm030r1do160k3blvxkdyuul5
Laurie Greasley,cm030rk2y15m2nshuphv74pf2
Kate Greenaway,cm030s4fm161a3blvu3ofpnkd
Martin Grelle,cm030sl4u15mknshupvcibhq3
Alex Grey,cm030t1zl161m3blvqzj3hagg
Peter Gric,cm030topt161w3blvt47sngib
Carne Griffiths,cm030u6jb15n8nshumxm04frb
Gris Grimly,cm030umsr162d3blvp0gejgcq
Jordan Grimmer,cm030v3re15nlnshupkal9e14
John Atkinson Grimshaw,cm030vp7n162p3blv9m1jsluo
Alex Gross,cm030w8ag15o1nshusnzfrif7
Huang Guangjian,cm030ygjt16433blv367tydv4
Rebecca Guay,cm0311jvu165f3blvdxk716s6
Sam Guay,cm031262l165j3blv1stfjywz
Armand Guillaumin,cm0312p7t15qunshu3lrbsrmb
Grégoire Guillemin,cm03137hc16623blvhxykheuy
Saskia Gutekunst,cm0314oex166o3blvm37f5kr2
Guweiz,cm0316mim167y3blvaolkh1z7
Arthur Hacker,cm0319cdj16993blve8f2kedn
Ernst Haeckel,cm031a0yl169p3blvig61edsq
Frans Hals,cm031c95115vsnshuaiiw98q2
Richard Hamilton,cm031d9lm15wgnshu3yud36f1
Erin Hanson,cm031fyvg16cq3blv0spfygvm
Tomer Hanuka,cm031gkdg16cy3blvfns4dxwl
David A. Hardy,cm031h1jv15y2nshuxi342lrh
Keith Haring,cm031hzfu16ds3blvpylfn1d4
Charley Harper,cm031iyfo15ywnshunszexgus
Conor Harrington,cm031tkhw163mnshu822ksmm0
John Harris,cm031ur4a16kt3blvgghadn5a
Lawren Harris,cm031wlm816lr3blv178fzxud
Marsden Hartley,cm0399g7c19minshup0e4ybxs
Hans Hartung,cm039jyu21a5j3blvt479p5t3
Kawase Hasui,cm039kjf11a5q3blvjsel8lmf
Naoto Hattori,cm039m24i19t4nshu4c0vf1os
Cornelis de Heem,cm039mtph1a6s3blvwfon5ota
Brent Heighton,cm039ncjv1a7c3blvponzmezl
Lowell Herrero,cm039nv5q1a7g3blvhyujp0lf
F. Scott Hess,cm039oksm19udnshuyix7nun3
Stephen Hickman,cm039p1vz19ulnshurv240mz2
Utagawa Hiroshige,cm039pkqa19utnshu4v6lelrd
Bryan Hitch,cm039rzct19w6nshuvu39xgvq
Filip Hodas,cm039so2w1a9o3blvwh9pq250
Ferdinand Hodler,cm039tgur19wvnshub2eh6yfn
Hokusai,cm039tws619x2nshuw999k97c
Ambrosius Holbein,cm039uixi19xbnshut5qsb891
Hans Holbein,cm039w7d619y9nshusgjtzhi4
Winslow Homer,cm039xv2v19ytnshu0x4w328v
Frank Hong,cm039z1wc19z7nshuqhmkjj12
Pieter de Hooch,cm039zsoy19zjnshuzxott419
Edward Hopper,cm03a0d8x1acv3blvunio53cx
Aaron Horkey,cm03a0u3b1ad13blv5w9h1evv
Alex Horley,cm03a1ios1a04nshuzjinw75k
Edward Atkinson Hornel,cm03a2fbn1a0gnshu50y5mfr2
John Howe,cm03a33hn1a0qnshuts3l98c1
John Hoyland,cm03a3kxz1ae73blvdfjmgqpp
Sebastien Hue,cm03a4hz91a14nshu8o2k8y97
Adam Hughes,cm03a53ld1aei3blvxdipa8na
Edward Robert Hughes,cm03bx7fc1b243blvi624scyr
George Hurrell,cm03bxxpe1b293blvk7cxggc1
Michael Hutter,cm03byenq1b2m3blvvrbynies
Duy Huynh,cm03bz2b81aqxnshuc49th915
Catherine Hyde,cm03bzt431b383blvb2sqj17x
Hannah Höch,cm03c08o41b3m3blvbu3sc80w
Louis Icart,cm03c0rvc1b3u3blveh01tlny
Stuart Immonen,cm03c1ued1b4a3blvedblo51u
Ismail Inceoglu,cm03c2cik1as9nshuh24bu3dp
Carmine Infantino,cm03c3cb81asnnshu958sv8wd
Robert Ingpen,cm03c40n91b593blv4xjkunls
Jean-Auguste-Dominique Ingres,cm03c4hne1at1nshu9mx9tmes
Inoue Takehiko,cm03c58g51b5l3blvuq9rdw04
Sui Ishida,cm03c93ff1b733blvd0n294eb
Johannes Itten,cm03c9sy21av9nshuktyo3px3
Junji Ito,cm03caaai1avfnshus4lxate6
Jorge Jacinto,cm03casbh1b7r3blve5fj23fg
Bill Jacklin,cm03cb83l1b7v3blv9150y82x
Marcin Jakubowski,cm03cbsn21b823blvp56ivckn
Alexander Jansson,cm03cca5a1aw5nshu28899jte
Aaron Jasinski,cm03ccrym1awfnshuf3ykf32r
James Jean,cm03cd8e71b8o3blvsu97x0t5
Oliver Jeffers,cm03cdqwf1awrnshup6flxwut
Ellen Jewett,cm03ce7av1ax1nshuiz53ldy5
Ruan Jia,cm03cenda1ax8nshupfyzfbxj
Phil Jimenez,cm03cf29v1b9m3blvvvxn4pbn
Dorothy Johnstone,cm03cfh591b9q3blvil55xdne
Android Jones,cm03cfzr11axsnshu5swk5pbx
Jeffrey Catherine Jones,cm03chy9n1bas3blvesjqh8xj
Loui Jover,cm03clt161bd53blvbghm5dxs
Jean Jullien,cm03cmauy1b0knshuml3vuvm1
Mandy Jurgens,cm03cmseo1b0vnshumqfrsunx
Joe Jusko,cm03cn70l1bdu3blv8dan8bsh
Shintaro Kago,cm03cnmv11be73blvc3v64ga2
Hayv Kahraman,cm03co3iu1bei3blvm0k6myij
Michael William Kaluta,cm03conqg1b1fnshudeqqjycb
Wassily Kandinsky,cm03cp4dx1bew3blvizmo3u9i
Wadim Kashin,cm03cplge1bf93blvi37f0m6u
Alex Katz,cm03cq31u1b1ynshujukf73sc
Audrey Kawasaki,cm03cqjau1b27nshu6ssqefdm
Glen Keane,cm03cr1iq1bfv3blv1gp7wcig
Kim Keever,cm03crgnr1b2enshu2jjhzlac
Andy Kehoe,cm03crwfe1bgb3blvleuh8p21
Ken Kelly,cm03cscfe1b2tnshuaghsq3kk
Kelly Freas,cm03cst9j1b2znshutzk8ilg5
William Kentridge,cm03ct8xz1bgw3blv3pdthti2
Brian Kesinger,cm03ctozp1b3inshuxwm0kfae
Jeremiah Ketner,cm03cu3gz1b3nnshuygdb85tp
Anselm Kiefer,cm03cujjr1b3vnshu1ghl4t8w
Sam Kieth,cm03cuztl1bhj3blvat4urjjt
Kim Jung Gi,cm03cvgul1b4enshu49bcssnn
Thomas Kinkade,cm03cvvkn1bht3blvistvxnak
Jack Kirby,cm03cwdh71bhz3blvk5v0vv29
Ernst Ludwig Kirchner,cm046jl85001j13n27aqcha3m
Raphael Kirchner,cm046lc8k001wbyzlubi3gfw1
Kitagawa Utamaro,cm046mycb0028byzlgi24zjn0
Tatsuro Kiuchi,cm047h61w00d713n2fl1is1or
Mati Klarwein,cm047how500dk13n2qmq3tpav
Jon Klassen,cm047i7nr00eibyzl70rlxcgc
Paul Klee,cm047inbm00eqbyzlfe4ndcj9
Gustav Klimt,cm047j37d00f1byzl4qcgaky9
Hilma af Klint,cm047l22n00fp13n2im1n7sg9
Ferdinand Knab,cm047m1ac00gabyzl3cf2g13m
Nick Knight,cm047nu4500he13n2hwyx2t0s
Winifred Knights,cm048piva011s13n2i59gnh8h
Ayami Kojima,cm048q2n8012313n21ymg152j
Oskar Kokoschka,cm048wg74015u13n26i87d3ee
Kathe Kollwitz,cm048wxg0014vbyzll0w7kf1e
Satoshi Kon,cm048xeb6016n13n2u2ragehz
Willem de Kooning,cm048xvnr0157byzliri1pj6t
Jeff Koons,cm048ysap015tbyzlyta1gvdr
Ohara Koson,cm048zaed017e13n2dwsx2nmi
Bella Kotak,cm048zu9p016cbyzlmov1kwdq
Ivan Kramskoi,cm0490h67018913n2rtjz3vkb
Ranganath Krishnamani,cm049146m018i13n28fef6o5y
Germaine Krull,cm0491m7o018p13n2kflz6mhp
Alfred Kubin,cm0492ns1019113n2s85igani
Stanley Kubrick,cm0d72yub01yspj939249mww4
Maciej Kuciara,cm0496gxm019dbyzltzniy6v5
Utagawa Kunisada,cm0496x31019ibyzl014i9b3m
Akira Kurosawa,cm0497do4019pbyzl5mt58e7x
Harvey Kurtzman,cm0497v6g01by13n2sgw6q86a
Yayoi Kusama,cm049e5kx01dbbyzlq6nll04q
Michael Kutsche,cm049em1p01fa13n2wvs2ydg0
Ilya Kuvshinov,cm049f3go01fi13n25cse9nps
David LaChapelle,cm049fjmo01ehbyzlwwtbo6nk
Raphael Lacoste,cm049ggne01f1byzlrh6a5qc2
Mikko Lagerstedt,cm049gwbc01gc13n2wams5f4v
Edwin Landseer,cm049hd3601gl13n2ax8swjqt
Fitz Henry Lane,cm049if1q01i313n242tbfi4e
Abigail Larson,cm049ixd801if13n2s8o7ull8
Gary Larson,cm049jeoz01im13n2n44pghjg
Carl Larsson,cm049jvlr01it13n2o4zkqnwx
Maria Lassnig,cm049kebo01j313n2kqnk4awi
Don Lawrence,cm049lais01jn13n2qjomt3b7
Bastien Lecouffe-Deharme,cm049m41801ke13n2cbhioavt
Alan Lee,cm049mjsu01kr13n2f2wyqzb1
Jae Lee,cm04agbos005qgs3i6gzbp3yk
Jim Lee,cm04agtg2006ags3ij3tbpl4f
Paul Lehr,cm04ahcyb007x2s8subpt2h70
Jeff Lemire,cm04aid56006ygs3ih2z1jsxk
Aristarkh Lentulov,cm04aj3ku008t2s8s6ieuqhh6
J.C. Leyendecker,cm04ajpa9007tgs3i0ao1bdz0
André Lhote,cm04aky8u008ngs3i0rpq6qby
Roy Lichtenstein,cm04am32600an2s8sq09tajuq
Rob Liefeld,cm04amqk600az2s8sdfe2epky
Iwona Lifsches,cm04aohn900avgs3iyky7n3ni
Richard Lindner,cm04apn4000bvgs3ihfunn6up
Liniers,cm04aqiqb00cz2s8sxifcqthz
Filippino Lippi,cm04arm4800czgs3i2yvzlxcr
Laurie Lipton,cm04aw58100fhgs3iqv4f0phu
Arthur Lismer,cm04az3xs00i72s8stswnuwae
Michal Lisowski,cm04azkwe00ib2s8sq6rto0zr
Scott Listfield,cm04bg5zz00pjgs3ioo4bu8y6
Cory Loftis,cm04cak6x000z6eltxrf4smsr
Loish,cm04cc04s003aebq1unqf4iki
Andrew Loomis,cm04ch0jc006eebq1f06ya3ne
Didier Lourenco,cm04chjxm004t6eltxwxv8b40
H.P. Lovecraft,cm04dksuk00fpu5bthz2aie7r
Tom Lovell,cm04g5kr401swl4peifcyoz42
Maximilien Luce,cm04g687n01uku5btv5q2h3vb
Margaret MacDonald Mackintosh,cm04g87m601w8u5btx3apnfzs
Frances MacDonald McNair,cm04g8ti801wiu5btibixqxbc
Elizabeth MacNicol,cm04g9hrz01x0u5btvbd9caik
Andrew Macara,cm04gag0q01xgu5btp7poxzn7
August Macke,cm04gawmx01w1l4pedp16xyrj
Jim Mahfood,cm04gx2ic028cu5btevfarazt
Hans Makart,cm04gxkra028lu5bt6zaac0wl
Alex Maleew,cm04gy0380297l4pe6v88r7gq
Justin Maller,cm04gyhde029kl4pe6savm5jn
Milo Manara,cm04gyzas029ju5btvqwxvgo9
Gregory Manchess,cm04gztqb02a2u5btyg58tvde
Slawomir Maniak,cm04h0ovd02aql4peu2tks7ro
Jeremy Mann,cm04h1nwv02ayu5btn1vp3raj
Stan Manoukian,cm04h2m1h02btu5bteqxr6krc
Andrea Mantegna,cm04h3ktl02cml4pedcgjgxhm
Aldus Manutius,cm04h4t7e02d0u5bt4uaftinx
Esteban Maroto,cm04i184702s8u5bt1k0ysqo3
Chris Mars,cm04i2cxj02tjl4pe55j0p375
John Martin,cm04i3tjk02tau5btrr23l193
Stephan Martiniere,cm04i4cps02u7l4pe7d0je5r0
Frans Masereel,cm04i587702ukl4pe77p22b9w
Brian Mashburn,cm04i5ttq02u4u5btkkwq2ebk
Andre Masson,cm04i698y02v1l4pee6fte0v8
Henri Matisse,cm04i7ont02vdu5bt9za6bdqm
Rodney Matthews,cm04i8qh102wal4peb89c1mon
David Mattingly,cm04i9dsi02wml4pev656bpm0
Dan Matutina,cm04i9uez02wgu5btp48kan78
Mike Mayhew,cm04iafy102x6l4pejycjj02j
Cathleen McAllister,cm04ib4m002x3u5btxt9mzn5c
Robert McCall,cm04ibnoe02xfu5btxlqxr7mu
Frank McCarthy,cm04icfwp02xqu5btlpf3jc6m
Winsor McCay,cm04id4wb02y5u5btle41290v
Frederick McCubbin,cm04ido8402yiu5btzonsrfbf
Todd McFarlane,cm04iebhu02ypu5btqdadrqj4
Barry McGee,cm04ifn7z02ziu5btbxy45rqp
Dave McKean,cm04iga4w02zxl4penq4v9ooz
Angus McKie,cm04igwjc0307l4pevuz1cqmw
Seb McKinnon,cm04ihx0h030xu5btpnrj9hpi
Dan McPharlin,cm04iivjm031iu5btfedk5rtz
Tara McPherson,cm04ikr5f032du5btb1jqvtlp
Ralph Angus McQuarrie,cm04im150032kl4pez5rem0s1
Ian McQue,cm04imszi0331l4pej2mnh643
Syd Mead,cm04inop0033il4peao0sjp3b
Ed Mell,cm04io5gu033tl4pe1hh7qsw5
Hans Memling,cm04ipjzf034zu5btsotqf08e
Eddie Mendoza,cm04iq4cj034rl4pedmqz5yv5
Adolph von Menzel,cm04iqu8b0351l4peae7oboib
Maria Sibylla Merian,cm04irmot0361u5bt7cdy6cmk
Daniel Merriam,cm04is9hr035nl4pe02ftrsw7
Antonello da Messina,cm04itie50366l4pe1u6fatnf
Jean Metzinger,cm04iu522037au5btacnzussc
Joshua Middleton,cm04iz8se039fu5btspqbtfh0
Mike Mignola,cm04j03lk039tu5btfcxuj3ry
Gjon Mili,cm04j1l1n03aiu5bt3swjie52
Frank Miller,cm04j2e3703asu5bt556kgdq8
Ian Miller,cm04j2vse03awu5btuz40r7dd
Russ Mills,cm04j3ch203b6u5btm55w38wz
Kentaro Miura,cm04j5g5103b8l4petsa46k9s
Hayao Miyazaki,cm04j5y3v03bql4pem0dfhi5d
Bob Mizer,cm04j6p4v03cpu5btfx6bj6lm
Junko Mizuno,cm04j7t3h03dcu5btgxebtsfz
Amedeo Modigliani,cm04j8f9x03col4pe9qdqc1ug
Moebius,cm04j8wn803d2l4peeth1bozz
Peter Mohrbacher,cm04j9egz03dwu5bt87yv5jde
Claude Monet,cm04j9wxu03dhl4pe7947veos
Jean-Baptiste Monge,cm04jam0503ecu5bty12qyoua
Chris Moore,cm04jb9rh03enu5btj6v1ul5s
Dan Mora,cm04jbqz603e4l4pegqfdk50i
Thomas Moran,cm04jc7t203ezu5btwweax1ej
Giorgio Morandi,cm04jczwa03epl4pefeg8kqqf
Gustave Moreau,cm04jdout03f0l4pehhkclxag
Henry Moret,cm04je6n003f5l4pe6n8ac54h
Berthe Morisot,cm04jer0e03fel4pem5c21avr
Hishikawa Moronobu,cm04jfh1t03ful4pehjf7828j
Stefan Morrell,cm04jfys903gtu5btm6mw01v1
William Morris,cm04jh91903hlu5btma3p4et4
Alberto Morrocco,cm04ji6qd03h9l4pethn7gcvk
Igor Morski,cm04jiwjd03imu5bt5m6gz4r2
John Kenn Mortensen,cm04jjdp203iyu5bthcmka7kw
William Mortensen,cm04jjwz903hsl4pe2wbs69d1
Victor Moscoso,cm04jkzp703jxu5bta29fezpc
Olly Moss,cm04jyv1p03n2l4peznvp9304
Alfons Mucha,cm04kgc4s03wnu5bt33w0l9a5
Craig Mullins,cm04khlve03x3u5btkp4lwnwj
Dan Mumford,cm04kj0ir03vdl4penifgnzbt
Bruno Munari,cm04kljix03wal4pe5a6m0l7d
Edvard Munch,cm04mqz9u04qdl4pe58sqiamk
Will Murai,cm04mrjdf04uru5bta8n7gd5u
Takashi Murakami,cm04ms0d904qtl4peiwwrlpjc
Yusuke Murata,cm04msikk04r2l4peovcig2c7
Hiroshi Nagai,cm04mujzq04vzu5btu41vl6ki
Kazumasa Nagai,cm04mvn4g04w8u5btf4uy4uup
Patrick Nagel,cm04mxapa04t8l4peezcyptkn
Scott Naismith,cm04o97p905bnl4pe1dd1n739
Ted Nasmith,cm04qi9h80685l4pek0m3o1q1
Alexander Nasmyth,cm04qj2fe06ezu5btw0pq4oho
Alice Neel,cm04qjlxd06f7u5btdofe1xfw
Keith Negley,cm04qk3s5068wl4pemaze1da2
Kadir Nelson,cm04qkkem0698l4pejugh4pcu
R. Kenton Nelson,cm04s3xtf06zwu5btejznwvcc
Odd Nerdrum,cm04s4fli0703u5btzf725xsi
Jane Newland,cm04s4xhl06t7l4petl0ts1yg
Victo Ngai,cm04s5hgx06tbl4pes7gyxq6q
Dustin Nguyen,cm04s60ny06til4pesyqr435x
Kay Nielsen,cm04s6gvs06tml4pes9n5tjoy
Tsutomu Nihei,cm04s72yd06twl4pe8e5eq5kl
Yasushi Nirasawa,cm04s7kzc06u6l4pe4fydg0ov
Victor Nizovtsev,cm04s81rl071cu5bt8vwjrxmb
Catherine Nolin,cm04s8l7d071ku5btxdpdve54
Earl Norem,cm04s9253071uu5btuplcdxsz
Marianne North,cm04s9jx306ukl4pe7mq160ow
Thornton Oakley,cm04sa0b606uul4pefm8mteg8
Chris Ofili,cm04sag9u06uzl4pem6jzvmm9
Eiko Ojala,cm04sb173072qu5bthepjwns6
Margaret Olley,cm04sbhsc06v6l4peeg4lrx38
Atelier Olschinsky,cm04sc45e0732u5btoxvbgzr7
Oleg Oprisco,cm04scmz206vrl4pe21gbbuq2
Katsuhiro Otomo,cm04sd3r106vul4peihsv5x7n
Shohei Otomo,cm04sdv42073ru5bts2akz8lq
Siya Oum,cm04sehr90745u5bth6xuurhg
Georgia O’Keeffe,cm04sugcq071dl4pedod7vszb
P.A. Works,cm04sv2n3071kl4peybz0e4us
Gary Panter,cm04swezb079zu5bty49tot39
Eduardo Paolozzi,cm04sx1f50726l4pesx5bg2pt
Gerald Parel,cm04sxwi407adu5btzo7jv1hm
Parmigianino,cm04syk7107apu5bt5m0510ss
Maxfield Parrish,cm04sz7iv07ayu5btwk9by6rr
Ed Paschke,cm04szsmu07bau5btrxj39xtp
Bob Peak,cm04t0hmm0739l4pex5wwuupr
Clara Peeters,cm04t149h07bru5bt3kasf30l
Guo Pei,cm04t1r8e073tl4pes7m6sisp
Bruce Pennington,cm04t2geu0746l4pegbngukdc
John Perceval,cm04t33pz074el4pewet5i02i
Cleon Peterson,cm04t405k07cvu5btb73deo6j
Nikolina Petolas,cm04t4nj3074vl4pey6vhehbe
Coles Phillips,cm04t5ih507dhu5bt8v4arupv
Sean Phillips,cm04t69kc07dpu5btfmphbbor
Francis Picabia,cm04t7efv075ul4pegdc0wjzc
Gabriel Picolo,cm04t8cu40761l4peaeemne4m
Anton Pieck,cm04t9bsh07ezu5bt1tayf9o7
Jerry Pinkney,cm04t9w05076kl4pest45rze5
Maximilian Pirner,cm04taldj076wl4peu8gw6rde
Jackson Pollock,cm04tb2w407fiu5btr0v9bvs9
Jacopo Pontormo,cm04tbp4507fqu5btvk47c208
Paul Pope,cm04tckpo077fl4pe7pwhacck
Fairfield Porter,cm04td507077sl4pe7jjy9ydo
Candido Portinari,cm04tdoy307gxu5btmut8ufmz
Simon Prades,cm04tesgm078bl4pegs1ui4an
Gediminas Pranckevicius,cm04tfg1707heu5btotsoe8ah
Hugo Pratt,cm04tgg4007hpu5btfyfebs1b
Theo Prins,cm04tgy7r07hvu5btosa93ri7
Dod Procter,cm04thi1o0797l4pe9i0pjkxy
Ernest Procter,cm04ti5y7079fl4peta535dy5
Alice Provensen,cm04tit1i079jl4pe08lrofc9
Steve Purcell,cm04tjbzb079nl4pe3q397rhy
Leo Putz,cm04tjz2z079vl4pe3odfj4dz
Q Hayashida,cm04tkhnf07j2u5bty4g9xlky
Frank Quitely,cm04tl0lz07j9u5bt2h7pyvin
Arthur Rackham,cm04tlx1707jmu5btuxipcmki
Henry Raleigh,cm04tmhdv07arl4peba9o0i96
Humberto Ramos,cm04tnaaj07k6u5btbbj8jwo1
Paul Rand,cm04tnt3607kau5bt6q2t20k1
Raphael,cm04tohdj07bhl4pehnx0nbln
Ravi Zupa,cm04tp1jp07bnl4pey5ndvquu
Jakub Rebelka,cm04tpj7d07bvl4pemiasp2dr
Odilon Redon,cm04tq01c07cal4pe2uuc966q
Anne Redpath,cm04tqimm07ldu5btx8un3jrc
Lotte Reiniger,cm04traf007cql4pe2e8ggh4y
Rembrandt,cm04trtzg07m6u5btngorqoio
Andrey Remnev,cm04tsdhf07d3l4pea5x8xuna
Pierre-Auguste Renoir,cm04ttbrk07mdu5btvskdsylf
Ilya Repin,cm04ttxbg07mnu5btrr5l32wl
Zac Retz,cm04tue7d07e3l4pecws1ehjb
rhads,cm04tuvwn07mzu5btakil8d2v
Louis Rhead,cm04tvprd07evl4pen6w69j4o
Matt Rhodes,cm04tw76807f2l4pea35ba7x8
Hyacinthe Rigaud,cm04twvhr07nou5btldbrwown
Jovana Rikalo,cm05f0ehn05hhg6who11m7xr6
Bridget Riley,cm05fgfhu05p1g6wh2tkh03zk
Faith Ringgold,cm05fnf0z05sng6whs79ghpwl
Jean-Paul Riopelle,cm05g8dq3063kg6wh5nw2mogr
Diego Rivera,cm05gbqhx0654g6whedrv0fhy
Trina Robbins,cm05gsmr9069nli0o650cmp9r
Albert Robida,cm05gxrer06hcg6whfb5ke65h
William Heath Robinson,cm05gyhp306htg6whvkw314oh
Andreas Rocha,cm05h86k806inli0omo22atub
Norman Rockwell,cm05hrqnk06s8li0ordobhcys
Nicholas Roerich,cm05hs8ur06sjli0o445u9bbi
Cyril Rolando,cm05i0r3r06wkli0op5wthv3r
Conrad Roset,cm05i1ho306wuli0oxam0tr74
Alex Ross,cm05i2hpw06xfli0otqvb05cl
Jessica Rossier,cm05i36k9071og6whmc87fs5t
Mark Rothko,cm05i9rqw072cli0o9af2wvyn
Henri Rousseau,cm05iaig5072rli0o5wbulvw8
Paolo Roversi,cm05jjwei07o7li0osmb8gbir
Joao Ruas,cm05thea20cgag6wh97jccdw7
Peter Paul Rubens,cm05tjsls0chgg6wh6px7g8zh
Greg Rutkowski,cm05tkn7z0cgeli0okqbcefsj
Rachel Ruysch,cm05tlv980cipg6whyeq15zln
Mark Ryden,cm05tte9x0ckvli0og3msx2ct
Albert Pinkham Ryder,cm05tuwwa0cnzg6whs1jsque3
Ryohei Hase,cm05txo840cpfg6wh7lu5wxaq
Théo van Rysselberghe,cm05tyhbw0cnili0ormj8k756
Cornelis Saftleven,cm05u22680crwg6whceeiy4gy
Amanda Sage,cm05u2vcn0cscg6whwclao36r
Apollonia Saintclair,cm05uxck40d5lli0olwg4jv93
John Salminen,cm05uzw0d0d7og6whye3suqvn
Nicola Samori,cm05v14ei0d74li0oqxpe36wx
Tony Sandoval,cm05v1xf70d7ali0o7g014hrm
Raffaello Sanzio da Urbino,cm0evie2j07w3g2gxh7pa04o2
John Singer Sargent,cm05ven4e0detg6wh7p2g7f69
Arthur Sarnoff,cm05vg6cn0dg1g6whbo6nlvu7
Sylvain Sarrailh,cm05w4k7h0dqoli0o0zq4xd4d
Andrea del Sarto,cm05w683n0dubg6whvoq3x4sc
Martiros Saryan,cm05w84y20dv4g6whl4dlg7fa
Alexei Savrasov,cm05w969n0dtali0opzku6l0a
Richard Scarry,cm05wc4t40dvhli0o3jr7t7od
Godfried Schalcken,cm05we1pc0dxwg6wh5wveo982
Thomas W Schaller,cm05weltl0dx3li0ozzarrnbx
Paula Scher,cm05wf5mw0dx9li0o6v6da16e
Egon Schiele,cm05wg2d80dy0li0oo9a3c500
Helene Schjerfbeck,cm05wgwq00dz6g6whn3o6iufg
Martin Schoeller,cm05whsin0dzkg6wh3jtxjg4f
John Schoenherr,cm05wioqc0e07g6whva52uxrr
Alex Schomburg,cm05wk1br0e0fli0oov2kgylu
Martin Schongauer,cm05wkkk40e12g6whvsm3wh23
Otto Marseus van Schrieck,cm05wt8gx0e4eli0o02dd0hku
Francois Schuiten,cm05wuc7i0e5zg6whu66mcpeb
Carlos Schwabe,cm05wvh5l0e5bli0oe3dyf2vi
Kurt Schwitters,cm05ww23v0e5nli0o56jg0w1c
Susan Seddon Boulet,cm05wwnl40e71g6wh9ng6gli9
Guillaume Seignac,cm05wxcm40e7dg6whkze1d4mq
Anton Semenov,cm05wy6qf0e7zg6whv3jd8bpc
Georges Seurat,cm05wyxxh0e8jg6whheqbibvd
Marie Severin,cm05wzx6r0e7xli0o1wfiuazi
Alberto Seveso,cm05x0qnt0e8ali0obxi56uvi
Brooke Shaden,cm05x1tl90e8tli0o0ixmabwh
Barclay Shaw,cm05x3ek30e9oli0olza58bb7
E. H. Shepard,cm05x8nrj0ec4li0orkp3vlvk
Cynthia Sheppard,cm05xa8zb0ecsli0onzxwhgs6
Tyler Shields,cm05xaqn90ed2li0o5kx1qsmz
Yuko Shimizu,cm05xd69q0eeoli0oky8i5flq
Makoto Shinkai,cm05xedyq0ef5li0o15vmun3r
Yoji Shinkawa,cm05xf8yk0egrg6whyymd69rt
Everett Shinn,cm05xg3dy0eg2li0oshxq81li
Masamune Shirow,cm05xgtm10eghli0o54vvkn4m
Emmanuel Shiu,cm05xhg890egtli0otky5p2nc
Henryk Siemiradzki,cm05xi4ug0eh8li0oi1tvvmsf
Bill Sienkiewicz,cm05xiurf0eiag6whs8mxvxyr
Paul Signac,cm05xjeo00ehrli0oqql2l96y
Marc Silvestri,cm05xktkb0eigli0os1ys07n6
Greg Simkins,cm05xm1dg0ek2g6whusmqktrj
Marc Simonetti,cm05xmtrt0ejfli0oyb7zgsn3
David Alfaro Siqueiros,cm05xnz0x0ejtli0oo12r8idw
Kevin Sloan,cm05xolmw0elkg6wh9z3jaqki
Grace Cossington Smith,cm05xph8r0ekjli0oqras183p
Chaim Soutine,cm05xqouo0emlg6wh4qisza7b
Austin Osman Spare,cm05xtb6d0em8li0omxdwubyd
Sparth,cm05xvbnk0eogg6whzlnxm2x7
Chuck Sperry,cm05xw8xd0eowg6whzdws9vvj
Sam Spratt,cm05xwqi80ep3g6wh78smu0ll
Ralph Steadman,cm05xx8680epdg6wh264wp3z2
Brian Stelfreeze,cm05xxr840eoeli0onmmx0ave
Alfred Stieglitz,cm05xyap80eorli0op4j4io2y
James Stokoe,cm05xytyb0epyg6wh8hwulpcc
William Strealy,cm05y6ln00etwg6whwecij4k6
Arthur Streeton,cm05xzcaj0epkli0o4tp6wzoy
Drew Struzan,cm05ydpka0ewmli0ozpy8p9r5
Tomasz Strzalkowski,cm05yeum90ewyli0ovk70oml2
Simon Stalenhag,cm05ygago0ez6g6whjciy8mlg
Ken Sugimori,cm05yhb990exzli0o4aat99yg
Graham Sutherland,cm05yidai0eydli0ovyz8wp95
Arthur Suydam,cm05yiumu0f0ag6whn9j7ohq6
Raymond Swanland,cm05yjvs60f0og6wh887l60at
Peter de Seve,cm05ylaqj0ezrli0ogxhii66q
Hiroyuki-Mitsume Takahashi,cm05ymf190f0eli0oucejgbqg
Kazuya Takahashi,cm05ynp8w0f1yg6wht44or3df
Rumiko Takahashi,cm05yo5hc0f26g6wh483hxbbh
Rufino Tamayo,cm05yp7ex0f2wg6whr7kf64z1
Shaun Tan,cm05yqhxj0f21li0oqus2enpj
Henry Ossawa Tanner,cm05yqz7v0f24li0opu6kfxoa
Genndy Tartakovsky,cm05ysane0f2nli0onc8rjzks
Ben Templesmith,cm05ysyp00f4pg6whf24rlkxr
Sachin Teng,cm05ytwl00f3lli0oci49mrnc
Gustaf Tenggren,cm05yv2740f5mg6wh84ktcg9a
Saul Tepper,cm05yvmni0f5ug6wh1mysanlx
Katsuya Terada,cm05yw6kc0f63g6whed515ov4
Howard Terpning,cm05z2dm40f92g6whh02t5tkk
Osamu Tezuka,cm05z2ukb0f7sli0o34v81y4y
Abbott Handerson Thayer,cm05z3mnz0f9pg6whulm5cncu
Karel Thole,cm05z4s4c0fa8g6wht91qgxtl
Mickalene Thomas,cm05z5nkm0fakg6whgluhvts8
Craig Thompson,cm05z68oh0f98li0od29s56y7
Tom Thomson,cm05z72px0f9nli0o3evrxh9v
Giovanni Tiepolo,cm05z8dwk0fa5li0ox7qn3db3
Alex Timmermans,cm05z8xoy0fafli0oycgi0zz6
Titian,cm05z9kv00fapli0opalezfcj
Adrian Tomine,cm05za8l90fclg6whxcbuvv26
Ori Toor,cm05zb5ke0fbali0odrz4f4z2
Akira Toriyama,cm05zc01i0fdag6wh5ek70q5b
Alex Toth,cm05zcnun0fdmg6wh7dxn3icc
Henri de Toulouse-Lautrec,cm05zd6c60fc7li0olzngooix
Ross Tran,cm05zdoso0fe7g6wh1knx7e2l
William Turner,cm05zf1180fctli0obo7fm769
Chris Turnham,cm05zfhp20feqg6wh5zd2bwoy
David Tutwiler,cm05zg3y70fdbli0ojjrctrhc
Tadahiro Uesugi,cm05zgxl10fdoli0oss52xxoz
Euan Uglow,cm05zjp730fewli0odyd5fj8z
Daniela Uhlig,cm05zk4tq0fgwg6wh06iol8dq
Ukraine,cm0e5yrat0wxrigxy9c0vcdkn
Halil Ural,cm05zl1s80fh5g6whp0dzm4wd
Jan Urschel,cm05zlv340fhfg6whoenp8pk6
Boris Vallejo,cm05zmumf0fhqg6whnk9vugim
Vincent van Gogh,cm05znpvm0fi2g6wh3xqo42cj
Alberto Vargas,cm05zpdw80fhnli0o045k8joh
Victor Vasarely,cm05zqgl60fizg6whnavr2uk2
Brian K. Vaughan,cm05zrwgr0fiuli0ot1wlxruz
Diego Velázquez,cm05zsneo0fj4li0oi0rqofbs
Vasily Vereshchagin,cm05zz12x0fm3li0o1guqcu9m
Jan Vermeer,cm0600ba20fmqli0orvyr3aso
Andrea del Verrocchio,cm0601euz0fn5g6whz78thrye
Andreas Vesalius,cm0601xp20fncg6whlwyxeaha
Charles Vess,cm0602f180fnqg6whg2hri762
Élisabeth Vigée-Lebrun,cm0605mtv0fonli0oqsfnjozf
Louis Wain,cm06069ha0fozg6whmebsrohq
Camille Walala,cm0606wkh0fp8li0op4mg3q5j
Alfons Walde,cm060cafw0fqxg6whgqoll6am
Alfred Wallis,cm060dh0g0frmli0oa2zpe1wk
Lynd Ward,cm060g8an0fsmli0o893rvash
Andy Warhol,cm060i35j0ft7li0o79joa3y6
John William Waterhouse,cm060j2ws0ftkg6wh94tkq80w
Jean-Antoine Watteau,cm060kxps0ftrli0oz19u4i8r
George Frederic Watts,cm060lf220ftyli0ovuev7sqq
Joe Webb,cm060pl9i0fv3li0og41zv0l4
Edwin Lord Weeks,cm060qlgv0fwgg6why6u7sgpw
Johan Hendrik Weissenbruch,cm060s1n80fw5li0ohm2ii7a3
Casey Weldon,cm060tfrl0fx7g6whdd96rive
Catrin Welz-Stein,cm060van00fxgli0otebp0ckg
Tom Whalen,cm060vwu40fxvg6whu7mrm2ua
Michael Whelan,cm060zfq80fz2g6whstnmex7v
Jon Whitcomb,cm0610omx0fzcli0ou9r200hh
Coby Whitmore,cm0611uf10g09g6wh92845dhf
Peter Wileman,cm0612icc0g04li0o61yapqh0
Kehinde Wiley,cm0613d8v0g0lli0oszu2e7h5
Edward Blair Wilkins,cm0613w8x0g0pli0ojhhog9d4
Al Williamson,cm0614df00g0wli0ov602cewc
Carel Willink,cm0615mlt0g20g6wh1o55loea
Barry Windsor-Smith,cm0616d530g2lg6whf2u46g9v
Franz Xaver Winterhalter,cm0619dlr0g39li0oq02zboex
Nathan Wirth,cm061b2po0g52g6wh3z3714s6
Wlop,cm061bkpa0g4ili0okgy56l4h
Brandon Woelfel,cm061c3880g4qli0okkq1ljzt
Liam Wong,cm061cnsj0g5rg6wh6le0jriq
Ashley Wood,cm061d5w70g5cli0oudop1p67
Grant Wood,cm061dsl50g5mli0o5789d41g
Zao Wou-Ki,cm061eflh0g6qg6wh9a6xlx9l
Bernie Wrightson,cm061f1mf0g67li0oov2qb1pv
Andrew Wyeth,cm061fotx0g79g6whth271vyu
Zhelong Xu,cm061g64c0g6vli0ob5a3cg3s
Hannah Yata,cm061gn7y0g71li0olw83grau
Liu Ye,cm061h5e80g7sg6wheh0h9fgj
Bunny Yeager,cm061hr3b0g7gli0oe8firqmv
Jacek Yerka,cm061io6f0g7wli0o1e4pjubd
Tadanori Yokoo,cm061j7a80g8jg6whu3som1pq
Sean Yoro,cm061jqc50g8bli0oeuwusyao
Akihiko Yoshida,cm061k7p90g8wg6whjy9nke5k
Hiroshi Yoshida,cm061kopk0g8pli0oxnu4odyv
Skottie Young,cm061l9100g8wli0oabwvaw2s
Darek Zabrocki,cm061lq010g9dg6whkk28c1da
Ossip Zadkine,cm061m6c20g9kg6whmqpnkraf
Eytan Zana,cm061mq930g9vli0ox8u5zize
Eric Zener,cm061ncey0ga7li0oyqkhs205
Fenghua Zhong,cm061nx990gadli0o9ipjjfw7
William Zorach,cm061oe000gagg6whqm8wxpny
Anders Zorn,cm061oucn0garli0oyfybsfwo
Ignacio Zuloaga,cm061pdua0gang6whrd427h7b
